{"cameraMode":{"drawMode":0,"name":"Shaded","section":"Shading Mode"},"sceneLighting":false,"audioPlay":false,"sceneViewState":{"showFog":true,"showMaterialUpdate":false,"showSkybox":true,"showFlares":true,"showImageEffects":true,"showParticleSystems":true},"in2DMode":false,"pivot":{"x":641.7943725585938,"y":328.03564453125,"z":8.8575439453125},"rotation":{"x":-0.029460767284035684,"y":0.0032540822867304088,"z":-0.00009492351819062606,"w":-0.9995606541633606},"size":1451.3248291015625,"orthographic":false}