{"cameraMode":{"drawMode":0,"name":"Shaded","section":"Shading Mode"},"sceneLighting":false,"audioPlay":false,"sceneViewState":{"showFog":true,"showMaterialUpdate":false,"showSkybox":true,"showFlares":true,"showImageEffects":true,"showParticleSystems":true},"in2DMode":false,"pivot":{"x":421.14373779296877,"y":-0.15735149383544923,"z":-25.47750473022461},"rotation":{"x":0.3831121623516083,"y":-0.5809845924377441,"z":0.35733145475387576,"w":0.6228934526443481},"size":13.977579116821289,"orthographic":false}